ADRIAN PETERSON,MIN,RB,1
LESEAN MCCOY,PHI,RB,2
JAMAAL CHARLES,KC,RB,3
MATT FORTE,CHI,RB,4
MARSHAWN LYNCH,SEA,RB,5
EDDIE LACY,GB,RB,6
CALVIN JOHNSON,DET,WR,7
PEYTON MANNING,DEN,QB,8
ARIAN FOSTER,HOU,RB,9
JIMMY GRAHAM,NO,TE,10
DOUG MARTIN,TB,RB,11
AARON RODGERS,GB,QB,12
ZAC STACY,STL,RB,13
DEMARCO MURRAY,DAL,RB,14
DEMARYIUS THOMAS,DEN,WR,15
A.J. GREEN,CIN,WR,16
DREW BREES,NO,QB,17
DEZ BRYANT,DAL,WR,18
LE'VEON BELL,PIT,RB,19
BRANDON MARSHALL,CHI,WR,20
JULIO JONES,ATL,WR,21
JORDY NELSON,GB,WR,22
ALFRED MORRIS,WAS,RB,23
ALSHON JEFFERY,CHI,WR,24
MONTEE BALL,DEN,RB,25
GIOVANI BERNARD,CIN,RB,26
JULIUS THOMAS,DEN,TE,27
ANTONIO BROWN,PIT,WR,28
REGGIE BUSH,DET,RB,29
RANDALL COBB,GB,WR,30
ANDRE JOHNSON,HOU,WR,31
BEN TATE,CLE,RB,32
VINCENT JACKSON,TB,WR,33
LARRY FITZGERALD,ARI,WR,34
ROB GRONKOWSKI,NE,TE,35
PIERRE GARCON,WAS,WR,36
RYAN MATHEWS,SD,RB,37
DESEAN JACKSON,WAS,WR,38
MATTHEW STAFFORD,DET,QB,39
C.J. SPILLER,BUF,RB,40
FRANK GORE,SF,RB,41
KEENAN ALLEN,SD,WR,42
VICTOR CRUZ,NYG,WR,43
RODDY WHITE,ATL,WR,44
CAM NEWTON,CAR,QB,45
ANDRE ELLINGTON,ARI,RB,46
WES WELKER,DEN,WR,47
ANDREW LUCK,IND,QB,48
PERCY HARVIN,SEA,WR,49
VERNON DAVIS,SF,TE,50
TRENT RICHARDSON,IND,RB,51
TOBY GERHART,JAC,RB,52
MICHAEL CRABTREE,SF,WR,53
RAY RICE,BAL,RB,54
RASHAD JENNINGS,NYG,RB,55
TORREY SMITH,BAL,WR,56
CHRIS JOHNSON,NYJ,RB,57
STEVEN JACKSON,ATL,RB,58
MICHAEL FLOYD,ARI,WR,59
SHANE VEREEN,NE,RB,60
JULIAN EDELMAN,NE,WR,61
ROBERT GRIFFIN III,WAS,QB,62
NICK FOLES,PHI,QB,63
CORDARRELLE PATTERSON,MIN,WR,64
JEREMY MACLIN,PHI,WR,65
JOIQUE BELL,DET,RB,66
T.Y. HILTON,IND,WR,67
STEVAN RIDLEY,NE,RB,68
REGGIE WAYNE,IND,WR,69
MARQUES COLSTON,NO,WR,70
COLIN KAEPERNICK,SF,QB,71
BISHOP SANKEY,TEN,RB,72
EMMANUEL SANDERS,DEN,WR,73
GOLDEN TATE,DET,WR,74
JASON WITTEN,DAL,TE,75
SAMMY WATKINS,BUF,WR,76
PIERRE THOMAS,NO,RB,77
KENDALL WRIGHT,TEN,WR,78
MIKE WALLACE,MIA,WR,79
MAURICE JONES-DREW,OAK,RB,80
ERIC DECKER,NYJ,WR,81
TERRANCE WILLIAMS,DAL,WR,82
CECIL SHORTS,JAC,WR,83
CHRIS IVORY,NYJ,RB,84
FRED JACKSON,BUF,RB,85
DANNY WOODHEAD,SD,RB,86
DARREN SPROLES,PHI,RB,87
ANQUAN BOLDIN,SF,WR,88
DEANGELO WILLIAMS,CAR,RB,89
DEANDRE HOPKINS,HOU,WR,90
KHIRY ROBINSON,NO,RB,91
LAMAR MILLER,MIA,RB,92
BERNARD PIERCE,BAL,RB,93
RILEY COOPER,PHI,WR,94
DANNY AMENDOLA,NE,WR,95
JORDAN CAMERON,CLE,TE,96
DWAYNE BOWE,KC,WR,97
SEATTLE SEAHAWKS D/ST,SEA,D/ST,98
RUSSELL WILSON,SEA,QB,99
MATT RYAN,ATL,QB,100
HAKEEM NICKS,IND,WR,101
KNOWSHON MORENO,MIA,RB,102
TRE MASON,STL,RB,103
GREG OLSEN,CAR,TE,104
SHONN GREENE,TEN,RB,105
GREG JENNINGS,MIN,WR,106
DARREN MCFADDEN,OAK,RB,107
MARK INGRAM,NO,RB,108
CHRISTINE MICHAEL,SEA,RB,109
DENNIS PITTA,BAL,TE,110
TOM BRADY,NE,QB,111
DONALD BROWN,SD,RB,112
STEVE SMITH,BAL,WR,113
JEREMY HILL,CIN,RB,114
TONY ROMO,DAL,QB,115
LEGARRETTE BLOUNT,PIT,RB,116
JUSTIN HUNTER,TEN,WR,117
PHILIP RIVERS,SD,QB,118
JAY CUTLER,CHI,QB,119
JAMES JONES,OAK,WR,120
TERRANCE WEST,CLE,RB,121
CARLOS HYDE,SF,RB,122
BEN ROETHLISBERGER,PIT,QB,123
JAMES STARKS,GB,RB,124
MIKE EVANS,TB,WR,125
LATAVIUS MURRAY,OAK,RB,126
KNILE DAVIS,KC,RB,127
C.J. ANDERSON,DEN,RB,128
ROY HELU,WAS,RB,129
ANDRE WILLIAMS,NYG,RB,130
RUEBEN RANDLE,NYG,WR,131
ANDY DALTON,CIN,QB,132
TAVON AUSTIN,STL,WR,133
JONATHAN STEWART,CAR,RB,134
ELI MANNING,NYG,QB,135
STEVE JOHNSON,SF,WR,136
CAROLINA PANTHERS D/ST,CAR,D/ST,137
KYLE RUDOLPH,MIN,TE,138
JARRETT BOYKIN,GB,WR,139
SAN FRANCISCO 49ERS D/ST,SF,D/ST,140
DENVER BRONCOS D/ST,DEN,D/ST,141
ARIZONA CARDINALS D/ST,AZ,D/ST,142
CINCINNATI BENGALS D/ST,CIN,D/ST,143
ST. LOUIS RAMS D/ST,STL,D/ST,144
KANSAS CITY CHIEFS D/ST,KC,D/ST,145
JORDAN REED,WAS,TE,146
BRANDIN COOKS,NO,WR,147
NEW ENGLAND PATRIOTS D/ST,NE,D/ST,148
BUFFALO BILLS D/ST,BUF,D/ST,149
DEVONTA FREEMAN,ATL,RB,150
MATT PRATER,DEN,K,151
STEPHEN GOSTKOWSKI,NE,K,152
JUSTIN TUCKER,BAL,K,153
MASON CROSBY,GB,K,154
STEVEN HAUSCHKA,SEA,K,155
PHIL DAWSON,SF,K,156
NICK NOVAK,SD,K,157
ADAM VINATIERI,IND,K,158
BLAIR WALSH,MIN,K,159
DAN BAILEY,DAL,K,160
MARKUS WHEATON,PIT,WR,161
CARSON PALMER,ARI,QB,162
JONATHAN DWYER,ARI,RB,163
JORDAN TODMAN,JAC,RB,164
ANDREW HAWKINS,CLE,WR,165
KA'DEEM CAREY,CHI,RB,166
BRANDON LAFELL,NE,WR,167
JOSH MCCOWN,TB,QB,168
BENJARVUS GREEN-ELLIS,CIN,RB,169
DOUG BALDWIN,SEA,WR,170
MIKE JAMES,TB,RB,171
CHRIS POLK,PHI,RB,172
JOE FLACCO,BAL,QB,173
CHARLES CLAY,MIA,TE,174
MARCEL REECE,OAK,RB,175
KENNY STILLS,NO,WR,176
RYAN TANNEHILL,MIA,QB,177
ROBERT TURBIN,SEA,RB,178
DENARIUS MOORE,OAK,WR,179
JOHNNY MANZIEL,CLE,QB,180
BRYCE BROWN,BUF,RB,181
ALEX SMITH,KC,QB,182
LANCE DUNBAR,DAL,RB,183
MARTELLUS BENNETT,CHI,TE,184
ROD STREATER,OAK,WR,185
JERICK MCKINNON,MIN,RB,186
MARQISE LEE,JAC,WR,187
ODELL BECKHAM,NYG,WR,188
TAMPA BAY BUCCANEERS D/ST,TB,D/ST,189
NEW ORLEANS SAINTS D/ST,NO,D/ST,190
NICK FOLK,NYJ,K,191
ROBBIE GOULD,CHI,K,192
MIKE TOLBERT,CAR,RB,193
DELANIE WALKER,TEN,TE,194
BRIAN HARTLINE,MIA,WR,195
ZACH ERTZ,PHI,TE,196
JERRICHO COTCHERY,CAR,WR,197
BRANDON BOLDEN,NE,RB,198
KELVIN BENJAMIN,CAR,WR,199
MIKE WILLIAMS,BUF,WR,200
ANDRE ROBERTS,WAS,WR,201
AHMAD BRADSHAW,IND,RB,202
ANTONIO GATES,SD,TE,203
JONATHAN GRIMES,HOU,RB,204
KENNY BRITT,STL,WR,205
JEROME SIMPSON,MIN,WR,206
JACQUIZZ RODGERS,ATL,RB,207
CHARLES SIMS,TB,RB,208
BENNY CUNNINGHAM,STL,RB,209
BOBBY RAINEY,TB,RB,210
DANIEL THOMAS,MIA,RB,211
LADARIUS GREEN,SD,TE,212
COBY FLEENER,IND,TE,213
JAMES WHITE,NE,RB,214
ROBERT WOODS,BUF,WR,215
EJ MANUEL,BUF,QB,216
RONNIE HILLMAN,DEN,RB,217
ERIC EBRON,DET,TE,218
ANDRE HOLMES,OAK,WR,219
HARRY DOUGLAS,ATL,WR,220
JORDAN MATTHEWS,PHI,WR,221
ANDRE BROWN,FA,RB,222
AARON DOBSON,NE,WR,223
KENBRELL THOMPKINS,NE,WR,224
MARCUS LATTIMORE,SF,RB,225
ISAIAH CROWELL,CLE,RB,226
LANCE MOORE,PIT,WR,227
NATE WASHINGTON,TEN,WR,228
MALCOM FLOYD,SD,WR,229
STEPFAN TAYLOR,ARI,RB,230
MARVIN JONES,CIN,WR,231
DEXTER MCCLUSTER,TEN,WR,232
MARLON BROWN,BAL,WR,233
HOUSTON TEXANS D/ST,HOU,D/ST,234
JEREMY KERLEY,NYJ,WR,235
TRAVARIS CADET,NO,RB,236
DENARD ROBINSON,JAC,RB,237
HEATH MILLER,PIT,TE,238
JOSEPH RANDLE,DAL,RB,239
RONNIE BROWN,HOU,RB,240
EDDIE ROYAL,SD,WR,241
MATT ASIATA,MIN,RB,242
SAM BRADFORD,STL,QB,243
BILAL POWELL,NYJ,RB,244
DWAYNE ALLEN,IND,TE,245
STORM JOHNSON,JAC,RB,246
TED GINN,ARI,WR,247
LORENZO TALIAFERRO,BAL,RB,248
DE'ANTHONY THOMAS,KC,RB,249
MICHAEL VICK,NYJ,QB,250
THEO RIDDICK,DET,RB,251
NATE BURLESON,CLE,WR,252
PEYTON HILLIS,NYG,RB,253
RYAN WILLIAMS,DAL,RB,254
JERREL JERNIGAN,NYG,WR,255
LACHE SEASTRUNK,WAS,RB,256
JARVIS LANDRY,MIA,WR,257
EDWIN BAKER,CLE,RB,258
CHRIS GIVENS,STL,WR,259
DAVANTE ADAMS,GB,WR,260
KENJON BARNER,CAR,RB,261
TYLER EIFERT,CIN,TE,262
JAKE LOCKER,TEN,QB,263
OWEN DANIELS,BAL,TE,264
GREG LITTLE,OAK,WR,265
COLE BEASLEY,DAL,WR,266
ALFRED BLUE D/ST,,RB,267
AUSTIN SEFERIAN-JENKINS,TB,TE,268
JACE AMARO,NYJ,TE,269
JASON AVANT,CAR,WR,270
MILES AUSTIN,CLE,WR,271
CIERRE WOOD,BAL,RB,272
ALLEN ROBINSON,JAC,WR,273
JUSTIN FORSETT,BAL,RB,274
DION LEWIS,CLE,RB,275
SHAYNE GRAHAM,NO,K,276
DUJUAN HARRIS,GB,RB,277
MIKE GILLISLEE,MIA,RB,278
JARED COOK,STL,TE,279
MARTAVIS BRYANT,PIT,WR,280
MATT BRYANT,ATL,K,281
BRANDEN OLIVER,SD,RB,282
A.J. JENKINS,KC,WR,283
MARION GRICE,SD,RB,284
RYAN GRIFFIN,HOU,TE,285
MOHAMED SANU,CIN,WR,286
DRI ARCHER,PIT,RB,287
CHRIS THOMPSON,WAS,RB,288
GENO SMITH,NYJ,QB,289
GARRETT GRAHAM,HOU,TE,290
VINCENT BROWN,SD,WR,291
MATT SCHAUB,OAK,QB,292
DARYL RICHARDSON,NYJ,RB,293
ALEX HENERY,PHI,K,294
MIKEL LESHOURE,DET,RB,295
ANDREW QUARLESS,GB,TE,296
ACE SANDERS,JAC,WR,297
RYAN SUCCOP,KC,K,298
CHAD HENNE,JAC,QB,299
BALTIMORE RAVENS D/ST,BAL,D/ST,300
